DESGLOSE DE PRESUPUESTO;;;;;TIPO DE CAMBIO:;610;;
N;DESCRIPCCION;CANTIDAD;UNIDAD;PRECIO UNITARIO;TOTAL (COLONES);TOTAL (DOLARES);;
FUNDACIONES;;;;;;;;
RECRECIDO PA-1;;4;un;?79.824,77;;$2.582,99;;
;LASTRE;30;m3;?16.250,00;?487.500,00; $799,18 ;;
;VARILLA #4;68;un;?5.400,00;?367.200,00; $601,97 ;;
CONCRETO DE 210 KG/CM2;CEMENTO;53;sacos;?6.769,91;?358.805,23; $588,21 ;;
7,6 m3 en total;ARENA;3,7;m3;?22.566,37;?84.037,16; $137,77 ;;
;PIEDRA;6,8;m3;?22.566,37;?152.638,93; $250,23 ;;
;FORMALETA;20;un;?6.272,12;?125.442,40; $205,64 ;;
PEDESTAL PD-1;;4;un;?477.919,77;; $14.374,20 ;;
CONCRETO DE 210 KG/CM2;CEMENTO;28;sacos;?6.769,91;?189.557,48; $310,75 ;;
 4 m3 en total;ARENA;2;m3;?22.566,37;?44.230,09; $72,51 ;;
;PIEDRA;3,6;m3;?22.566,37;?80.336,28; $131,70 ;;
;FORMALETA;23;un;?6.272,12;?144.258,76; $236,49 ;;
;VARILLA #6 LONG;30;un;?14.400,00;?432.000,00; $708,20 ;;
;VARILLA #3 AROS Y GANCHOS @15CM;56;un;?3.175,00;?177.800,00; $291,48 ;;
;PERFORACIONES CON EPOXICO ( PARA VARILLA #6 Y 30cm DE PROFUNDIDAD);100;un;?63.000,00;?6.300.000,00; $10.327,87 ;;
;PERNOS DIAMETRO 1,4cm CON ROSCA, TUERCA Y ARANDELA EN 30CM DE LARGO;24;un;?2.170,00;?52.080,00; $85,38 ;;
;PLACA A36 (40X40X0,95CM);4;un;?337.000,00;?1.348.000,00; $2.209,84 ;;
MARCO ESTRUCTURAL EN EJE 2;;;;?724.070,80;; $1.187,00 ;;
;ARRISOTRES W8X21 EN 12m DE LARGO;1;un;?550.000,00; ?550.000,00 ; $901,64 ;;
;LAMINA A36 EN 0.64cm PARA RIGIDIZADORES (1,22 x 2,44);1;UN;?174.070,80; ?174.070,80 ; $285,36 ;;
MURO M-1;;22,3;ml;?216.736,05;; $10.203,01 ;;
;LASTRE;56;m3;?16.250,00;?910.000,00; $1.491,80 ;;
;VARILLA #4 LONG;50;un;?5.400,00;?270.000,00; $442,62 ;;
;VARILLA #3 TRANS;149;un;?3.175,00;?473.075,00; $775,53 ;;
CONCRETO DE 210 KG/CM2;CEMENTO;81;sacos;?6.769,91;?548.362,71; $898,96 ;;
 11.5 m3 en total;ARENA;5,6;m3;?22.566,37;?127.161,49; $208,46 ;;
;PIEDRA;10,2;m3;?22.566,37;?230.966,80; $378,63 ;;
;TUBO DRENAFORT 7,7cm de diametro;8;tubos;?42.057,52;?336.460,16; $551,57 ;"4"" / sebas 3""";
;BLOCK DE MAMPOSTERIA DE 20X20X40;1725;un;?796,46;?1.373.893,50; $2.252,28 ;;
;VARILLA #4 VERT;112;un;?5.400,00;?604.800,00; $991,48 ;;
;VARILLA #3 HOR;114;un;?3.175,00;?361.950,00; $593,36 ;;
;SACO DE CEMENTO PARA PEGA BLOQUES;23;un;?6.000,00;?138.000,00; $226,23 ;;
;ARENA PARA PEGA DE BLOQUES;3;m3;?18.141,59;?54.424,77; $89,22 ;;
;CONCRETO DE RELLENO;16;m3;?3.960,18;?63.362,88; $103,87 ;;
;VARILLAS #4 LONG VIGAS;50;un;?5.400,00;?270.000,00; $442,62 ;;
;VARILLAS #3 TRANS VIGAS;68;un;?3.175,00;?215.900,00; $353,93 ;;
CONCRETO DE 210 KG/CM2;CEMENTO;22;sacos;?6.769,91;?148.938,02; $244,16 ;;
 3.1 m3 en total;ARENA;1,5;m3;?22.566,37;?34.278,32; $56,19 ;;
;PIEDRA;2,8;m3;?22.566,37;?62.260,61; $102,07 ;;
MURO M-2;;22,3;ml;?222.955,30;; $6.425,43 ;;
;VARILLA #5 LONG;16;un;?9.925,01;?158.800,16; $260,33 ;;
;VARILLA #4 LONG;8;un;?5.400,00;?43.200,00; $70,82 ;;
;VARILLA #3 TRANS;28;un;?3.175,00;?88.900,00; $145,74 ;;
CONCRETO DE 210 KG/CM2;CEMENTO;17;sacos;?6.769,91;?115.088,47; $188,67 ;;
 2.4 m3 en total;ARENA;1,2;m3;?22.566,37;?26.538,05; $43,51 ;;
;PIEDRA;2,1;m3;?22.566,37;?48.201,77; $79,02 ;;
;FORMALETA;27;un;?6.272,12;?169.347,24; $277,62 ;;
;TUBO DRENAFORT 7,7cm de diametro;8;tubos;?42.057,52;?336.460,16; $551,57 ;;
;BLOCK DE MAMPOSTERIA DE 20X20X40;1107;un;?796,46;?881.681,22; $1.445,38 ;;
;VARILLA #4 VERT;106;un;?5.400,00;?572.400,00; $938,36 ;;
;VARILLA #3 HOR;73;un;?3.175,00;?231.775,00; $379,96 ;;
;SACO DE CEMENTO PARA PEGA BLOQUES;15;un;?6.000,00;?90.000,00; $147,54 ;;
;ARENA PARA PEGA DE BLOQUES;2;m3;?18.141,59;?36.283,18; $59,48 ;;
;CONCRETO DE RELLENO;10;m3;?3.960,18;?39.601,80; $64,92 ;;
;VARILLAS #4 LONG VIGAS;46;un;?5.400,00;?248.400,00; $407,21 ;;
;VARILLAS #3 TRANS VIGAS;53;un;?3.175,00;?168.275,00; $275,86 ;;
CONCRETO DE 210 KG/CM2;CEMENTO;33;sacos;?6.769,91;?223.407,03; $366,24 ;;
 4.7 m3 en total;ARENA;2,3;m3;?22.566,37;?51.970,35; $85,20 ;;
;PIEDRA;4,2;m3;?22.566,37;?94.395,13; $154,75 ;;
;FORMALETA;47;un;?6.272,12;?294.789,64; $483,26 ;;
MURO M-3;;14;ml;?212.220,29;; $3.699,07 ;;
;VARILLA #4 LONG;33;un;?5.400,00; ?178.200,00 ; $292,13 ;;
;VARILLA #3 TRANS;70;un;?3.175,00; ?222.250,00 ; $364,34 ;;
CONCRETO DE 210 KG/CM2;CEMENTO;35;sacos;?6.769,91; ?236.946,85 ; $388,44 ;;
 5 m3 en total;ARENA;2,5;m3;?22.566,37; ?55.287,61 ; $90,64 ;;
;PIEDRA;4,5;m3;?22.566,37; ?100.420,35 ; $164,62 ;;
;FORMALETA;8;un;?6.272,12; ?50.176,96 ; $82,26 ;;
;TUBO DRENAFORT 7,7cm de diametro;4;tubos;?42.057,52; ?168.230,08 ; $275,79 ;;
;BLOCK DE MAMPOSTERIA DE 20X20X40;732;un;?796,46; ?583.008,72 ; $955,75 ;;
;VARILLA #4 VERT;19;un;?4.995,00; ?94.905,00 ; $155,58 ;;
;VARILLA #3 HOR;48;un;?3.175,00; ?152.400,00 ; $249,84 ;;
;SACO DE CEMENTO PARA PEGA BLOQUES;10;un;?6.000,00; ?60.000,00 ; $98,36 ;;
;ARENA PARA PEGA DE BLOQUES;1,5;m3;?18.141,59; ?27.212,39 ; $44,61 ;;
;CONCRETO DE RELLENO;6;m3;?3.960,18; ?23.761,08 ; $38,95 ;;
;VARILLAS #4 LONG VIGAS;16;un;?4.995,00; ?79.920,00 ; $131,02 ;;
;VARILLAS #3 TRANS VIGAS;12;un;?3.175,00; ?38.100,00 ; $62,46 ;;
CONCRETO DE 210 KG/CM2;CEMENTO;8;sacos;?6.769,91; ?54.159,28 ; $88,79 ;;
 1.2 m3 en total;ARENA;0,6;m3;?22.566,37; ?13.269,03 ; $21,75 ;;
;PIEDRA;1,1;m3;?22.566,37; ?24.100,88 ; $39,51 ;;
;FORMALETA;15;un;?6.272,12; ?94.081,80 ; $154,23 ;;
MARCO DE ACERO PARA ASCENSOR;;7,5;ml;?233.000,00;; $3.316,39 ;;
;COLUMNA C7 TUBO 15X15X0,32;8;un;?91.000,00; ?728.000,00 ; $1.193,44 ;;
;V-1 TUBO 15 X10X0,24;5;un;?77.000,00; ?385.000,00 ; $631,15 ;;
;AR-2 TUBO 10X10X0,24;14;un;?65.000,00; ?910.000,00 ; $1.491,80 ; $3.316,39 ;
FOSA DE ELEVADOR;;1;gl;?74.472,65;; $1.600,52 ;;
CONCRETO DE 210 KG/CM2;CEMENTO;32;sacos;?6.769,91; ?216.637,12 ; $355,14 ;;
 4,5 m3 en total;ARENA;2,2;m3;?22.566,37; ?49.758,85 ; $81,57 ;;
;PIEDRA;4;m3;?22.566,37; ?90.378,31 ; $148,16 ;;
;VARILLA #6;15;un;?14.400,00; ?216.000,00 ; $354,10 ;;
;VARILLA #4;56;un;?4.995,00; ?279.720,00 ; $458,56 ;;
;VARILLA #3;39;un;?3.175,00; ?123.825,00 ; $202,99 ;;
COLUMNAS 1ER NIVEL;;;;;;;;
COLUMNA TIPO C1;;4;;;?872.000,00;$1.429,51;;
;TUBO 20X20X0,95 CM;4;un;?218.000,00;?872.000,00;$1.429,51;;
;;;;;;;;
COLUMNA TIPO C2;;10;;;?1.936.500,00;$3.174,59;;
;TUBO 20X20X0,64 CM;10;un;?193.650,00;?1.936.500,00;$3.174,59;;
;;;;;;;;
ARRIOSTRE AR-1;;3;;;?739.200,00;$1.211,80;como se saca el resultado de las 3 si son 6 tubos ;
;TUBO 15X15X0,32 CM;6;un;?123.200,00;?739.200,00;$1.211,80;;
;;;;;;;;
COLUMNA TIPO C3;;10;;?66.344,77;;$1.949,64;;
CONCRETO DE 210 KG/CM2;CEMENTO;23;sacos;?6.769,91;?155.707,93;$255,26;;
3,3 m3 en total;ARENA;1,6;m3;?22.566,37;?36.489,82;$59,82;;
;PIEDRA;2,9;m3;?22.566,37;?66.277,43;$108,65;;
;FORMALETA;50;un;?6.272,12;?313.606,00;$514,11;;
;VARILLA #4 LONG;60;un;?4.995,00;?299.700,00;$491,31;;
;VARILLA #3 AROS Y GANCHOS @15CM;100;un;?3.175,00;?317.500,00;$520,49;;
COLUMNA TIPO C4;;4;;?87.005,96;;$346,15;;
CONCRETO DE 210 KG/CM2;CEMENTO;19;sacos;?6.769,91;?128.628,29;$210,87;;
2,65 m3 en total;ARENA;1,3;m3;?22.566,37;?29.302,43;$48,04;;
;PIEDRA;2,4;m3;?22.566,37;?53.222,78;$87,25;;
;FORMALETA;40;un;?6.272,12;?250.884,80;$411,29;;
;VARILLA #6 LONG;32;un;?25.656,19;?820.998,08;$755,41;;
;VARILLA #3 2 AROS @15CM;68;un;?3.175,00;?215.900,00;$353,93;;
COLUMNA TIPO C5;;3;;?66.749,77;;$517,04;;
CONCRETO DE 210 KG/CM2;CEMENTO;5;sacos;?6.769,91;?33.849,55;$55,49;;
0,75 m3 en total;ARENA;0,4;m3;?22.566,37;?8.293,14;$13,60;;
;PIEDRA;0,7;m3;?22.566,37;?15.063,05;$24,69;;
;FORMALETA;12;un;?6.272,12;?75.265,44;$123,39;;
;VARILLA #4 LONG;18;un;?5.400,00;?97.200,00;$159,34;;
;VARILLA #3 AROS Y GANCHOS @15CM;27;un;?3.175,00;?85.725,00;$140,53;;
COLUMNA TIPO C6;;2;;?71.274,78;;$837,36;;
CONCRETO  210KG/CM2;CEMENTO;9;sacos;?6.769,91;?60.929,19;$99,88;;
 1,25 m3 en total;ARENA;0,6;m3;?22.566,37;?13.821,90;$22,66;;
;PIEDRA;1,1;m3;?22.566,37;?25.105,09;$41,16;;
;FORMALETA;24;un;?6.272,12;?150.530,88;$246,77;;
;VARILLA #5;16;un;?9.925,01;?158.800,16;$260,33;;
;VARILLA #3 AROS Y GANCHOS @15cm;32;un;?3.175,00;?101.600,00;$166,56;;
COLUMNAS 2DO NIVEL;;;;;;;;
COLUMNA TIPO C1;;4;;;;$1.429,51;;
;TUBO 20X20X0,95 CM EN 6M;4;un;?218.000,00;?872.000,00;$1.429,51;;
;;;;;;;;
COLUMNA TIPO C2;;22;;;;$6.984,10;;
;TUBO 20X20X0,64 CM EN 6M;22;un;?193.650,00;?4.260.300,00;$6.984,10;;
;;;;;;;;
ARRIOSTRE AR-1;;3;;;;$1.211,80;;6 TUBOS PERO 3COLUMNAS 
;TUBO 15X15X0,32 CM EN 6M;6;un;?123.200,00;?739.200,00;$1.211,80;;
COLUMNAS AREA DE BODEGA Y GARAGE;;;;;;;;
COLUMNA TIPO C1;;4;;?68.602,65;;$338,37;;
CONCRETO DE RELLENO;CEMENTO;7;sacos;?6.769,91;?47.389,37;$77,69;;
1 m3 en total;ARENA;0,5;m3;?22.566,37;?11.057,52;$18,13;;
;PIEDRA;0,9;m3;?22.566,37;?20.084,07;$32,92;;
;MORTERO DE PEGA;6;sacos;?6.000,00;?36.000,00;$59,02;;
;BLOCK 40X20X15 cm;80;un;?675,00;?54.000,00;$88,52;;
;VARILLA #4;3;un;?5.400,00;?16.200,00;$26,56;;
;VARILLA #3;5;un;?3.175,00;?15.875,00;$26,02;;
;VARILLA #2 GANCHOS @20cm;4;un;?1.450,00;?5.800,00;$9,51;;
COLUMNA TIPO C2;;4;;?68.602,65;;$648,30;;
CONCRETO DE RELLENO;CEMENTO;14;sacos;?6.769,91;?94.778,74;$155,37;;
2 m3 en total;ARENA;1;m3;?22.566,37;?22.115,04;$36,25;;
;PIEDRA;1,8;m3;?22.566,37;?40.168,14;$65,85;;
;MORTERO DE PEGA;11;sacos;?6.000,00;?66.000,00;$108,20;;
;BLOCK 40X20X15 cm;160;un;?675,00;?108.000,00;$177,05;;
;VARILLA #4;4;un;?5.400,00;?21.600,00;$35,41;;
;VARILLA #3;8;un;?3.175,00;?25.400,00;$41,64;;
;VARILLA #2 GANCHOS @20cm;12;un;?1.450,00;?17.400,00;$28,52;;
COLUMNA TIPO C3;;3;;?68.602,65;;$422,53;;
CONCRETO DE RELLENO;CEMENTO;10;sacos;?6.769,91;?67.699,10;$110,98;;
1,44 m3 en total;ARENA;0,7;m3;?22.566,37;?15.922,83;$26,10;;
;PIEDRA;1,3;m3;?22.566,37;?28.921,06;$47,41;;
;MORTERO DE PEGA;8;sacos;?6.000,00;?48.000,00;$78,69;;
;BLOCK 40X20X15 cm;120;un;?675,00;?81.000,00;$132,79;;
;VARILLA #4;3;un;?5.400,00;?16.200,00;$26,56;;
;VARILLA #3;9;un;?3.175,00;?28.575,00;$46,84;;
;VARILLA #2 GANCHOS @20cm;9;un;?1.450,00;?13.050,00;$21,39;;
COLUMNA TIPO C4;;1;;?68.602,65;;$240,84;;
CONCRETO DE RELLENO;CEMENTO;4;sacos;?6.769,91;?27.079,64;$44,39;;
0,6 m3 en total;ARENA;0,3;m3;?22.566,37;?6.634,51;$10,88;;
;PIEDRA;0,5;m3;?22.566,37;?12.050,44;$19,75;;
;MORTERO DE PEGA;5;sacos;?6.000,00;?30.000,00;$49,18;;
;BLOCK 40X20X15 cm;70;un;?675,00;?47.250,00;$77,46;;
;VARILLA #4;1;un;?5.400,00;?5.400,00;$8,85;;
;VARILLA #3;4;un;?3.175,00;?12.700,00;$20,82;;
;VARILLA #2 GANCHOS @20cm;4;un;?1.450,00;?5.800,00;$9,51;;
COLUMNA TIPO C5;;6;;?65.024,77;;$863,95;;
CONCRETO  210KG/CM2;CEMENTO;11;sacos;?6.769,91;?74.469,01;$122,08;;
 1,5 m3 en total;ARENA;0,7;m3;?22.566,37;?16.586,28;$27,19;;
;PIEDRA;1,3;m3;?22.566,37;?30.126,10;$49,39;;
;FORMALETA;24;un;?6.272,12;?150.530,88;$246,77;;
;VARILLA #4;36;un;?5.400,00;?194.400,00;$318,69;;
;VARILLA #2 AROS Y GANCHOS @15cm;42;un;?1.450,00;?60.900,00;$99,84;;
COLUMNA TIPO C6;;2;;?71.274,78;;$836,43;;
CONCRETO  210KG/CM2;CEMENTO;9;sacos;?6.769,91;?60.929,19;$99,88;;
 1,25 m3 en total;ARENA;0,6;m3;?22.566,37;?13.539,82;$22,20;;
;PIEDRA;1,1;m3;?22.566,37;?24.823,01;$40,69;;
;FORMALETA;24;un;?6.272,12;?150.530,88;$246,77;;
;VARILLA #5;16;un;?9.925,01;?158.800,16;$260,33;;
;VARILLA #3 AROS Y GANCHOS @15cm;32;un;?3.175,00;?101.600,00;$166,56;;
VIGA CORONA;;;;;;;;
VIGA TIPO VC1 + VK1;;19;ml;?62.799,77;;$591,84;;
CONCRETO  210KG/CM2;CEMENTO;11;sacos;?6.769,91;?74.469,01;$122,08;;
 1,5 m3 en total;ARENA;0,7;m3;?22.566,37;?15.796,46;$25,90;;
;PIEDRA;1,3;m3;?22.566,37;?29.336,28;$48,09;;
;FORMALETA;10;un;?6.272,12;?62.721,20;$102,82;;
;VARILLA #3 LONG, AROS Y GANCHOS @20cm;54;un;?3.175,00;?171.450,00;$281,07;;
;VARILLA #2 GANCHOS ADICIONALES VK1 @15cm;5;un;?1.450,00;?7.250,00;$11,89;;
VIGA TIPO VC2;;10;ml;?66.749,77;;$360,55;;
CONCRETO  210KG/CM2;CEMENTO;5;sacos;?6.769,91;?33.849,55;$55,49;;
0,7 m3 en total;ARENA;0,3;m3;?22.566,37;?6.769,91;$11,10;;
;PIEDRA;0,6;m3;?22.566,37;?13.539,82;$22,20;;
;FORMALETA;8;un;?6.272,12;?50.176,96;$82,26;;
;VARILLA #4 LONG;12;un;?5.400,00;?64.800,00;$106,23;;
;VARILLA #3 AROS Y GANCHOS @20cm;16;un;?3.175,00;?50.800,00;$83,28;;
VIGA TIPO VC3 + VK1;;19;;?78.124,78;;$453,33;;
CONCRETO  210KG/CM2;CEMENTO;6;sacos;?6.769,91;?40.619,46;$66,59;;
0,9 m3 en total;ARENA;0,4;m3;?22.566,37;?9.026,55;$14,80;;
;PIEDRA;0,8;m3;?22.566,37;?18.053,10;$29,60;;
;FORMALETA;6;un;?6.272,12;?37.632,72;$61,69;;
;VARILLA #5 LONG;8;un;?9.925,01;?79.400,08;$130,16;;
;VARILLA #4 LONG;4;un;?5.400,00;?21.600,00;$35,41;;
;VARILLA #3 LONG, AROS Y GANCHOS @15cm;18;un;?3.175,00;?57.150,00;$93,69;;
;VARILLA #2 GANCHOS ADICIONALES VK1 @15cm;9;un;?1.450,00;?13.050,00;$21,39;;
VIGA TIPO VC-4;;123;m;;;$4.052,46;;
;TUBO 10X20X0,24 CM;24;un;?103.000,00;?2.472.000,00;$4.052,46;;
VIGA TIPO W;;38;m;;;$8.026,23;;
;W12x30 en 12m;6;un;?816.000,00;?4.896.000,00;$8.026,23;;
VIGA TIPO V-1;;19;m;?62.799,77;;$344,62;;
CONCRETO  210KG/CM2;CEMENTO;6;sacos;?6.769,91;?40.619,46;$66,59;;
0,85 m3 en total;ARENA;0,4;m3;?22.566,37;?9.026,55;$14,80;;
;PIEDRA;0,8;m3;?22.566,37;?18.053,10;$29,60;;
;FORMALETA;10;un;?6.272,12;?62.721,20;$102,82;;
;VARILLA #3 LONG;16;un;?3.175,00;?50.800,00;$83,28;;
;VARILLA #2 AROS @15cm;20;un;?1.450,00;?29.000,00;$47,54;;
PAREDES SUBNIVEL;;;;;;;;
PAREDES DE DUROCK;;371;m2;?34.801,67;?12.911.418,33;$21.166,26;;
;MASKING CINTA AZUL;15;und;?3.780,00;?57.007,32;$93,45;;
;LAMINAS DE DUROCK;271;und;?30.400,00;?8.252.487,80;$13.528,67;;
;TORNILLOS PUNTA DE BROCA DE 1 1/4;15081;und;?7,08;?106.775,61;$175,04;;
;TRACK;121;und;?4.700,00;?567.056,91;$929,60;;
;STUDS;151;und;?4.225,00;?637.184,96;$1.044,57;;
;TORNILLOS FRIJOLITO;9049;und;?7,60;?68.770,73;$112,74;;
;GALÓN DE MINIO ROJO;15;galón;?23.600,00;?355.918,70;$583,47;;
;REPELLO;332;sacos;?4.250,00;?1.410.101,63;$2.311,64;;
;CEMENTICIO;54;sacos;?5.425,00;?294.537,80;$482,85;;
;ROLLOS DE 15,87m AISLANTE ACUSTICO PARA PAREDES TIPO LANA DE FIBRA DE VIDRIO, TIPO R11, DE 3.5 PULGADAS DE ESPESOR;21;rollos;?55.015,00;?1.161.576,87;$1.904,22;;
ACABADOS DE PAREDES SUBNIVEL1;;3,6;m;;;;;
TIPO 01;;28,4;ml;;;$226,86;;
;ACABADO EN CONCRETO PULIDO O SIMILAR CON DOS MANOS DE SELLADOR;102,2;m2;;;;;
;ACABADO 450 DE SUR;20;un;?6.919,19;?138.383,80;$226,86;;
TIPO 02;;153;ml;;;$4.514,75;;
;PAREDES CON REPELLO FINO, EMPASTE, LIJADO Y 2 MANOS DE PINTURA PARA INTERIORES;550,8;m2;?5.000,00;?2.754.000,00;$4.514,75;REPELLO 3712,38;
TIPO 03;;11;ml;;;$324,59;;
;PAREDES CON REPELLO FINO, EMPASTE, LIJADO Y 2 MANOS DE PINTURA PARA EXTERIORES;39,6;m2;?5.000,00;?198.000,00;$324,59;;
TIPO 04;;4;ml;;;$826,23;;
;ENCHAPE DE PARED CON ACABADO TIPO MADERA;14,4;m2;?35.000,00;?504.000,00;$826,23;;
TIPO 05;;31;ml;;;$1.524,59;;
;ENCHAPE DE BAÑO ANTIDESLIZANTE CON PORCELANATO HASTA 1,2 m DE ALTURA DE FORMATO Y TIPO A ESCOGER;37,2;m2;?25.000,00;?930.000,00;$1.524,59;;
TIPO 06;;15,5;ml;;;$1.524,59;;
;ENCHAPE DE BAÑO ANTIDESLIZANTE CON PORCELANATO HASTA 2,4 m DE ALTURA DE FORMATO Y TIPO A ESCOGER;37,2;m2;?25.000,00;?930.000,00;$1.524,59;;
TIPO 08;;36,2;ml;;;;;
;ENCHAPE DE PARED DE PIEDRA;130,3;m2;?45.000,00;?5.864.400,00;$9.613,77;;
PAREDES NIVEL 1;;;;;;;;
PAREDES DE DUROCK;;364;m2;?35.630,93;?12.969.660,33;$21.261,74;;
;MASKING CINTA AZUL;15;und;?3.780,00;?55.931,71;$91,69;;
;LAMINAS DE DUROCK;266;und;?30.400,00;?8.096.780,49;$13.273,41;;
;TORNILLOS PUNTA DE BROCA DE 1 1/4;14797;und;?7,08;?104.760,98;$171,74;;
;TRACK;118;und;?5.000,00;?591.869,92;$970,28;;
;STUDS;148;und;?6.025,00;?891.504,07;$1.461,48;;
;TORNILLOS FRIJOLITO;8878;und;?7,60;?67.473,17;$110,61;;
;GALÓN DE MINIO ROJO;15;galón;?23.600,00;?349.203,25;$572,46;;
;REPELLO;326;sacos;?4.250,00;?1.383.495,93;$2.268,03;;
;CEMENTICIO;53;sacos;?5.425,00;?288.980,49;$473,74;;
;ROLLOS DE 15,87m AISLANTE ACUSTICO PARA PAREDES TIPO LANA DE FIBRA DE VIDRIO, TIPO R11, DE 3.5 PULGADAS DE ESPESOR;21;rollos;?55.015,00;?1.139.660,33;$1.868,30;;
PAREDES DE MAMPOSTERIA 1 NIVEL;;140;m2;?14.910,68;?2.087.495,00;$3.422,12;;
;BLOQUE DE MAMPOSTERIA DE 15X20X40;2195;un;?600,00;?1.317.000,00;$2.159,02;;
;VARILLA #3 HORIZONTAL;80;un;?2.350,00;?188.000,00;$308,20;;
;ALAMBRE NEGRO;17;kg;?1.050,00;?17.850,00;$29,26;;
CONCRETO DE RELLENO;CEMENTO;43;sacos;?6.525,00;?280.575,00;$459,96;;
CONCRETO DE RELLENO;ARENA;3;m3;?23.725,00;?71.175,00;$116,68;;
CONCRETO DE RELLENO;PIEDRA;5;m3;?23.000,00;?115.000,00;$188,52;;
;CEMENTO PARA PEGA DE BLOQUES;14;sacos;?6.525,00;?91.350,00;$149,75;;
;ARENA PARA PEGA DE BLOQUES;1,7;m3;?3.850,00;?6.545,00;$10,73;;
PINTURA;;140;m2;?22.135,71;?3.099.000,00;$5.080,33;;
;BLOQUE DE MAMPOSTERIA DE 15X20X40;2195;un;?600,00;?1.317.000,00;$2.159,02;;
ACABADO DE PAREDES NIVEL1;;3,6;m;;;;;
TIPO 01;;39,6;ml;;;$2.921,31;;
;ACABADO EN CONCRETO PULIDO O SIMILAR CON DOS MANOS DE SELLADOR;142,6;m2;?12.500,00;?1.782.000,00;$2.921,31;;
TIPO 02;;173,3;ml;;;$0,00;;
;PAREDES CON REPELLO FINO, EMPASTE, LIJADO Y 2 MANOS DE PINTURA PARA INTERIORES;623,9;m2;;?0,00;$0,00;;
TIPO 03;;45,8;ml;;?0,00;$0,00;;
;PAREDES CON REPELLO FINO, EMPASTE, LIJADO Y 2 MANOS DE PINTURA PARA EXTERIORES;164,9;m2;;?0,00;$0,00;;
TIPO 04;;7;ml;;;$1.445,90;;
;ENCHAPE DE PARED CON ACABADO TIPO MADERA;25,2;m2;?35.000,00;?882.000,00;$1.445,90;;
TIPO 05;;9,2;ml;;;$636,20;;
;ENCHAPE DE BAÑO ANTIDESLIZANTE CON PORCELANATO HASTA 1,2 m DE ALTURA DE FORMATO Y TIPO A ESCOGER;11,1;m2;?35.000,00;?388.080,00;$636,20;;
TIPO 07;;142;m;;;$51.213,11;;
;BARANDAS DE 1M DE ALTURA DE CUATRO CABLES CON ACABADO COLOR NEGRO;142;m;?220.000,00;?31.240.000,00;$51.213,11;;
TIPO 08;;20,4;ml;;;$5.409,74;;
;ENCHAPE DE PARED DE PIEDRA;73,3;m2;?45.000,00;?3.299.940,00;$5.409,74;;
TIPO 09;;4;un;;;$0,00;;
;PIEZAS METALICAS CON PINTURA CON UNA MANO DE MINIO Y 2 MANOS DE ANTICORROSIVO TIPO CORROSTYL O SIMILAR;;;;?0,00;$0,00;;
TIPO 10;;5,3;ml;;;$0,00;;
;CERRAMIENTO CON REJA METALICA PERFORADA;18,9;m2;;?0,00;$0,00;;
ENTREPISOS Y CONTRAPISOS;;;;;;;;
ENTREPISO 1ER NIVEL;;334;m2;?102.174,77;;$16.768,00;;
CONCRETO  210KG/CM2;CEMENTO;336;sacos;?6.769,91;?2.274.689,76;$3.729,00;;
48 m3 en total;ARENA;23,5;m3;?22.566,37;?530.309,70;$869,36;;
;PIEDRA;42,7;m3;?22.566,37;?963.584,00;$1.579,65;;
;FORMALETA (piezas de 3,6m x 0,3);18;un;?6.272,12;?112.898,16;$185,08;;
;MALLA ELECTROSOLDADA ? 5.3 mm (malla de 2,5x6m);37;un;?31.000,00;?1.147.000,00;$1.880,33;;
;LOSACERO CALIBRE 20 (2.44x6);400;m2;?13.000,00;?5.200.000,00;$8.524,59;;
ENTREPISO NIVEL SUPERIOR;;483;m2;?102.174,77;;$19.180,79;;
CONCRETO  210KG/CM2;CEMENTO;427;sacos;?6.769,91;?2.890.751,57;$4.738,94;;
61 m3 en total;ARENA;29,9;m3;?22.566,37;?674.734,46;$1.106,12;;
;PIEDRA;54,3;m3;?22.566,37;?1.225.353,89;$2.008,78;;
;FORMALETA (piezas de 3,6m x 0,3);20;un;?6.272,12;?125.442,40;$205,64;;
;MALLA ELECTROSOLDADA ? 5.3 mm (malla de 2,5x6m);49;un;?31.000,00;?1.519.000,00;$2.490,16;;
;LOSACERO CALIBRE 20 (2.44x6);405;m2;?13.000,00;?5.265.000,00;$8.631,15;;
CONTRAPISO DE CONCRETO;;420;m2;?89.174,77;; $27.577,87 ;;
CONCRETO  210KG/CM2;CEMENTO;329;sacos;?6.769,91;?2.227.300,39; $3.651,31 ;;
47 m3 en total;ARENA;23;m3;?22.566,37;?519.026,51; $850,86 ;;
;PIEDRA;41,8;m3;?22.566,37;?943.274,27; $1.546,35 ;;
;FORMALETA (piezas de 3,6m x 0,3);18;un;?6.272,12;?112.898,16; $185,08 ;;
;MALLA ELECTROSOLDADA ? 5.3 mm;420;un;?31.000,00;?13.020.000,00; $21.344,26 ;;
NERVADURA N1;;14;ml;;; $678,93 ;;
CONCRETO  210KG/CM2;CEMENTO;9;sacos;?6.769,91;?60.929,19; $99,88 ;;
1.35 m3 en total;ARENA;0,7;m3;?22.566,37;?14.927,65; $24,47 ;;
;PIEDRA;1,2;m3;?22.566,37;?27.113,49; $44,45 ;;
;VARILLA #4 LONG;10;un;?5.400,00;?54.000,00; $88,52 ;;
;VARILLA #3 LONG;5;un;?3.175,00;?15.875,00; $26,02 ;;
;VARILLA #3 AROS @15cm;16;un;?3.175,00;?50.800,00; $83,28 ;;
;VARILLA #3 (BASTONES);60;un;?3.175,00;?190.500,00; $312,30 ;;
NERVADURA N2;;21;ml;;; $771,94 ;;
CONCRETO  210KG/CM2;CEMENTO;15;sacos;?6.769,91;?101.548,65; $166,47 ;;
2.2 m3 en total;ARENA;1,1;m3;?22.566,37;?24.326,55; $39,88 ;;
;PIEDRA;2;m3;?22.566,37;?44.184,95; $72,43 ;;
;VARILLA #5 LONG;17;un;?9.925,01;?168.725,17; $276,60 ;;
;VARILLA #4 LONG;8;un;?5.400,00;?43.200,00; $70,82 ;;
;VARILLA #3 AROS @15cm;28;un;?3.175,00;?88.900,00; $145,74 ;;
VIGA TIPO VC-4;;123;ml;;;$4.052,46;;
;TUBO 10X20X0,24 CM EN 6M;24;un;?103.000,00;?2.472.000,00;$4.052,46;;
VIGA TIPO VE-1;;390;ml;;;$45.481,97;;
;W12x30 ACERO ASTM A-992 GR50 EN 12M;34;un;?816.000,00;?27.744.000,00;$45.481,97;;
VIGA TIPO VE-2;;285;ml;;;$29.221,31;;
;W16x31 ACERO ASTM A-992 GR50 EN 12M;25;un;?713.000,00;?17.825.000,00;$29.221,31;;
VIGA TIPO VE-3;;60;ml;;;$5.409,84;;
;W8x21 ACERO ASTM A-992 GR50 EN 12M;6;un;?550.000,00;?3.300.000,00;$5.409,84;;
CONECTORES DE CORTANTE #3@20;;735;ml;;;$637,60;;
;VARILLA #3;123;un;?3.175,00;?388.937,50;$637,60;;
UNIONES;;155;un;;?5.153.000,00;$8.447,54;;
Salen varias unidades de una misma lámina de 1.22x2.44;RIGIDIZADORES e=0.48cm (30x15) 620 unidades;10;un;?157.000,00;?1.570.000,00;$2.573,77;;
;RIGIDIZADORES e=0.48cm (20x15) 310 unidades;4;un;?157.000,00;?628.000,00;$1.029,51;;
;PLACA A36 e=0.64cm (30x30) 155 unidades;5;un;?197.000,00;?985.000,00;$1.614,75;;
;ANGULARES 10X20X1.27cm (x2) 310 unidades;10;un;?197.000,00;?1.970.000,00;$3.229,51;;
VIGA TIPO VM-1;;33;ml;?66.749,77;;$1.543,93;;
CONCRETO  210KG/CM2;CEMENTO;26;sacos;?6.769,91;?176.017,66;$288,55;;
3,7 m3 en total;ARENA;1,8;m3;?22.566,37;?40.619,47;$66,59;;
;PIEDRA;3,3;m3;?22.566,37;?74.469,02;$122,08;;
;FORMALETA;20;un;?6.272,12;?125.442,40;$205,64;;
;VARILLA #4 LONG;42;un;?5.400,00;?226.800,00;$371,80;;
;VARILLA #3 AROS Y GANCHOS @15cm;94;un;?3.175,00;?298.450,00;$489,26;;
VIGA TIPO VM-2;;25;ml;?66.749,77;;$1.279,21;;
CONCRETO  210KG/CM2;CEMENTO;26;sacos;?6.769,91;?176.017,66;$288,55;;
2,8 m3 en total;ARENA;1,8;m3;?22.566,37;?40.619,47;$66,59;;
;PIEDRA;3,3;m3;?22.566,37;?74.469,02;$122,08;;
;FORMALETA;14;un;?6.272,12;?87.809,68;$143,95;;
;VARILLA #4 LONG;32;un;?5.400,00;?172.800,00;$283,28;;
;VARILLA #3 AROS Y GANCHOS @15cm;72;un;?3.175,00;?228.600,00;$374,75;;
VIGA TIPO VM-3;;9;ml;?66.749,77;;$333,40;;
CONCRETO  210KG/CM2;CEMENTO;5;sacos;?6.769,91;?33.849,55;$55,49;;
0,72 m3 en total;ARENA;0,4;m3;?22.566,37;?9.026,55;$14,80;;
;PIEDRA;0,6;m3;?22.566,37;?13.539,82;$22,20;;
;FORMALETA;5;un;?6.272,12;?31.360,60;$51,41;;
;VARILLA #4 LONG;12;un;?5.400,00;?64.800,00;$106,23;;
;VARILLA #3 AROS Y GANCHOS @20cm;16;un;?3.175,00;?50.800,00;$83,28;;
VIGA METALICA CARGADOR;;85;m;;;$5.079,34;;
;TUBO 15X15X0,24 CM EN 6M;16;un;?193.650,00;?3.098.400,00;$5.079,34;;
PRECINTA (40cm en durock y estructura GA#20);;146;ml;?7.201,30;?1.051.390,14; $1.723,59 ;;
;FURRING DE 12' GA #25;46;un;?2.587,00;?119.002,00;$195,09;;
;ANGULAR DE 10' (PARA MUNECOS);116;un;?562,00;?65.192,00;$106,87;;
;"TORNILLO 8"" X 1-1/4 PP DUROCK";984;un;?25,99;?25.574,16;$41,92;;
;CLAVOS DE ACERO DE 3/4;500;un;?24,86;?12.430,00;$20,38;;
;TIROS;500;un;?42,94;?21.470,00;$35,20;;
;LAMINA DE DUROCK 12mm;40;un;?16.000,00;?640.000,00;$1.049,18;;
;"TORNILLO DUROCK GALVA BROCA # 8 X 1.1/4"" EXTERIOR";2000;un;?19,80;?39.601,98;$64,92;;
;MURO SECO;12;saco;?4.200,00;?50.400,00;$82,62;;
;Cinta 250';3;un;?1.740,00;?5.220,00;$8,56;;
;"Moldura tipo ""J"" plástica p/durock de 10' (o moldura Cortalágrimas)";50;un;?1.450,00;?72.500,00;$118,85;;
ACABADOS PARA CIELOS;;;;;;;;
TIPO A;;592;m2;?13.500,00;?7.992.000,00; $13.102 ;;
;CIELO PLANO EN TABLA GYPSUM EMPASTADO, LIJADO Y PINTADO DE COLOR BLANCO MATTE CON PINTURA TIPO GOLTEX 1000 DE SUR;592;m2;?13.500,00;?7.992.000,00;$13.101,64;;
TIPO B;;279;m2;?25.000,00;?6.975.000,00; $11.434,43 ;;
;CIELO PLANO EN ACABADO DE MADERA A ESCOGER;279;m2;?25.000,00;?6.975.000,00;$11.434,43;;
TIPO C;INDICA CIELO PLANO CON ACABADO EN CONCRETO PULIDO CON DOS MANOS DE SELLADOR.;77,3;m2; ?14.200,00 ; ?1.097.660,00 ; $1.799,44 ;;
CANOAS Y BOTAGUAS;;175;m;;; $4.303,28 ;;
;CANOA;135;m; ?15.000,00 ; ?2.025.000,00 ; $3.319,67 ;;
;BOTAGUAS;40;m; ?15.000,00 ; ?600.000,00 ; $983,61 ;;
ACABADOS PARA PISOS;;;;;;;;
TIPO PC;;118;m2;;;$2.901,64;;
;PISO DE CONCRETO PULIDO CON AGREGADOS VISIBLES Y CON DOS MANOS DE SELLADOR;;;?15.000,00;?1.770.000,00;$2.901,64;;
TIPO PM;;359;m2;;;$25.306,56;;
;PISO DE MADERA TIPO A ESCOGER;;;?43.000,00;?15.437.000,00;$25.306,56;;
TIPO PP;;349;m2;;;$20.024,59;;
;PISO EN PORCELANATO, ANTIDESLIZANTE EN AREAS HUMEDAS O EXTERIORES;;;?35.000,00;?12.215.000,00;?20.024,59;;
TIPO PZ;;237;m2;;;$14.686,23;;
;TIPO ZACATE BLOCK CON CELDAS RELLENAS DE PIEDRA CUARTA;;;?37.800,00;?8.958.600,00;$14.686,23;;
TIPO PE;;15;m2;;;$245,90;;
;RECUBRIMIENTO DE AREAS EXTERIORES EN PIEDRA CUARTA;;;?10.000,00;?150.000,00;$245,90;;
TIPO PV;;3,5;m2;;;$1.652,46;;
;PISO VIDRIO TEMPLADO;;;?288.000,00;?1.008.000,00;$1.652,46;;
AGUA POTABLE;;;gl;?153.000,00;;$6.029,21;;
;TUBERIA PVC ALTA PRESION 25mm;19;Tubos;?23.575,00;?447.925,00;$734,30;;
;TUBERIA PVC ALTA PRESION 19mm;81;Tubos;?15.300,00;?1.239.300,00;$2.031,64;;
;TUBERIA CPVC ALTA PRESION 19mm;51;Tubos;?29.125,00;?1.485.375,00;$2.435,04;;
;ACCESORIOS PVC (15%);;GL;?76.500,00;?507.240,90;$786,42;;
;LLAVES DE RIEGO;3;un;?8.500,00;?25.500,00;$41,80;;
TANQUE DE AGUA, BOMBA Y FILTRO;;1;un;?5.141.329,75;;$7.360,00;;
;TANQUE PLASTICO ECOTANK CAPACIDAD 5000L;1;un;?686.164,25;?686.164,25;$880,00;;
;BOMBA ESTACIONARIA;1;un;?1.278.651,50;?1.278.651,50;$1.855,00;;
;TANQUE HIDRONEUMATICO DE 60Lts;1;un;?189.557,50;?189.557,50;$275,00;;
;SENSOR;1;un;?88.450,00;?88.450,00;$145,00;;
;ACCESORIOS;1;gl;?31.018,50;?31.018,50;$45,00;;
;FILTRO;1;un;?878.857,50;?878.857,50;$1.275,00;;
;LAMPARA ULTRAVIOLETA;1;un;?1.988.630,50;?1.988.630,50;$2.885,00;;
AGUAS SANITARIAS;;1;gl;?317.719,91;;$7.546,31;;
;TUBERIA PVC SDR 26 100mm;22;Tubos;?106.625,00;?2.345.750,00;$3.845,49;;
;TUBERIA PVC SDR 26 75mm;16;Tubos;?63.650,00;?1.018.400,00;$1.669,51;;
;TUBERIA PVC SDR 26 50mm;8;Tubos;?33.775,00;?270.200,00;$442,95;;
;TUBERIA PVC SDR 26 32mm;4;Tubos;?15.350,00;?61.400,00;$100,66;;
;TUBERIA PVC SDR 26 50mm (Ventilación);7;Tubos;?33.775,00;?236.425,00;$387,58;;
;ACCESORIOS DE PVC (10%);;GL;?28.883,63;?418.477,26;$686,03;;
;CAJAS DE REGISTRO;2;un;?19.336,28;?38.672,56;$63,40;;
;SIFON EN PCV 50mm;14;un;?11.450,00;?160.300,00;$262,79;;
;SIFON EN PCV 32mm;11;un;?4.875,00;?53.625,00;$87,91;;
AGUAS PLUVIALES;;1;gl;?800.285,29;;$8.592,06;;
;TUBERIA PVC SDR 26 100mm;11;Tubos;?106.625,00;?1.172.875,00;$1.922,75;;
;TUBERIA PVC SDR 26 150mm;4;Tubos;?225.000,00;?900.000,00;$1.475,41;;?5.241.158,08
;TUBERIA PVC SDR 26 200mm;7;Tubos;?380.000,00;?2.660.000,00;$4.360,66;;?524.115,81
;ACCESORIOS DE PVC (10%);;GL;?72.753,21;?476.468,92;$781,10;;$859,21
;CAJA DE REGISTROL PLUVIAL;2;un;?15.907,08;?31.814,16;$52,15;;
TANQUE SEPTICO Y DRENAJE;;1;M;?1.032.132,74;;$7.200,87;;
;FOSA SEPTICA BIOLOGICA, FILTRO ANAEROBICO, ETC;1;und;?782.000,00;?782.000,00;$1.281,97;;
;MATERIALES PIEDRA BOLA;26;m3;?110.000,00;?2.860.000,00;$4.688,52;;
;PIEDRA CUARTA O TERCERA (25 mm a 50 mm);6;m3;?22.566,37;?135.398,22;$221,96;;
;ARENA;2;m3;?22.566,37;?45.132,74;$73,99;;
;TUBERIA DRENAFLEX 100mm;6;Tubos;?95.000,00;?570.000,00;$934,43;;
TECHO;;;;?17.010,00;?11.192.580,00; $18.348,49 ;;
;LAMINA TERMOACUSTICAS PARA TECHO TIPO FG UPVC (REFORZADAS CON FIBRA DE VIDRIO) T1130, FIBROMAT PERFIL PLUS 2.5 mm DE ESPESOR;658;m2;?17.010,00;?11.192.580,00; $18.348,49 ;;
LOSA DE CONCRETO COLOR NATURAL CON 2 MANOS DE SELLADOR Y MALLA ASFALTICA IMPERMEABILIZANTE;;88;m2;?1.206.924,77;; $16.487,77 ;;
CONCRETO  210KG/CM2;CEMENTO;105;sacos;?6.769,91;?710.840,55; $1.165,31 ;;
15 m3 en total;ARENA;7,4;m3;?22.566,37;?166.991,14; $273,76 ;;
;PIEDRA;13,4;m3;?22.566,37;?302.389,36; $495,72 ;;
;FIBRA DE PROPILENO IMPERMEABILIZANTE INTEGRAL;10;;?184.000,00;?1.840.000,00; $3.016,39 ;;
;FORMALETA;81;un;?6.272,12;?508.041,72; $832,86 ;;
;VARILLA #3 DOBLE MALLA @15CM;186;un;?3.175,00;?590.550,00; $968,11 ;;
;"VARILLA #4 ""U"" DE ANCLAJE @20CM";25;un;?5.400,00;?135.000,00; $221,31 ;;
;VARILLA #3 CONECTOR CORTANTE @20CM;27;un;?3.175,00;?85.725,00; $140,53 ;;
;VIGA W12X45;6;un;?953.000,00;?5.718.000,00; $9.373,77 ;;
;SELLO DE BENTONITA;64;ml;;?0,00; $-   ;;
CLAVADORES;;741,4;ml;;;$12.255,38;;
;TUBO 5X10X0,18CM @80 CM MÁX;136;und;?55.000,00;?7.475.783,33;$12.255,38;;
ESTRUCTURA DE TECHO ;;;;;;;;
TUBO DIAGONAL CASA;;71;ml;;;$2.026,23;;
;TUBO 10X20X0,32CM;12;und;?103.000,00;?1.236.000,00;$2.026,23;;
TUBO DIAGONAL BODEGA;;26;ml;;;$1.619,60;;
;TUBO 5X15X0,32CM;5;und;?71.991,15;?359.955,75;$590,09;;
;PLACAS A36 en 0,48cm  (15x20cm) APOYO AP-3;4;un;?157.000,00;?628.000,00;$1.029,51;;
CERCHA CH1;;2;und;?212.725,66;;$6.773,49;;
;CUERDA SUPERIOR TUBO 10X20X0,24CM;4;und;?103.000,00;?412.000,00;$675,41;;
;CUERDA INFERIOR TUBO 5X10X0,24CM;4;und;?48.000,00;?192.000,00;$314,75;;
;VERTICALES DE TUBO 5X10X0,18CM;3;und;?55.000,00;?165.000,00;$270,49;;
;SOLDADURA;500;Kg;?6.725,66;?3.362.830,00;$5.512,84;;
CERCHA CH2;;2;und;?212.725,66;;$6.863,66;;
;CUERDA SUPERIOR TUBO 10X20X0,24CM;4;und;?103.000,00;?412.000,00;$675,41;;
;CUERDA INFERIOR TUBO 5X10X0,24CM;4;und;?48.000,00;?192.000,00;$314,75;;
;VERTICALES DE TUBO 5X10X0,18CM;4;und;?55.000,00;?220.000,00;$360,66;;
;SOLDADURA;500;Kg;?6.725,66;?3.362.830,00;$5.512,84;;
CERCHA CH3;;2;und;?212.725,66;;$6.773,49;;
;CUERDA SUPERIOR TUBO 10X20X0,24CM;4;und;?103.000,00;?412.000,00;$675,41;;
;CUERDA INFERIOR TUBO 5X10X0,24CM;4;und;?48.000,00;?192.000,00;$314,75;;
;VERTICALES DE TUBO 5X10X0,18CM;3;und;?55.000,00;?165.000,00;$270,49;;
;SOLDADURA;500;Kg;?6.725,66;?3.362.830,00;$5.512,84;;
CERCHA CH4;;2;und;?212.725,66;;$6.863,66;;
;CUERDA SUPERIOR TUBO 10X20X0,24CM;4;und;?103.000,00;?412.000,00;$675,41;;
;CUERDA INFERIOR TUBO 5X10X0,24CM;4;und;?48.000,00;?192.000,00;$314,75;;
;VERTICALES DE TUBO 5X10X0,18CM;4;und;?55.000,00;?220.000,00;$360,66;;
;SOLDADURA;500;Kg;?6.725,66;?3.362.830,00;$5.512,84;;
CERCHA CH5;;1;und;?306.725,66;;$2.491,09;;
;CUERDA SUPERIOR E INFERIOR TUBO 5X10X0,24CM;6;und;?48.000,00;?288.000,00;$472,13;;
;VERTICALES DE TUBO 5X10X0,18CM;3;und;?55.000,00;?165.000,00;$270,49;;
;SOLDADURA;100;Kg;?6.725,66;?672.566,00;$1.102,57;;
;PLACAS A36 en 0,48cm  (15x20cm) APOYO AP-4;2;un;197000;?394.000,00;$645,90;;
CERCHA CH6;;1;und;?109.725,66;;$1.518,96;;
;CUERDA SUPERIOR E INFERIOR TUBO 5X10X0,24CM;3;und;?48.000,00;?144.000,00;$236,07;;
;VERTICALES DE TUBO 5X10X0,18CM;2;und;?55.000,00;?110.000,00;$180,33;;
;SOLDADURA;100;Kg;?6.725,66;?672.566,00;$1.102,57;;
CERCHA CH7;;1;und;?109.725,66;;$967,68;;
;CUERDA SUPERIOR E INFERIOR TUBO 5X10X0,24CM;3;und;?48.000,00;?144.000,00;$236,07;;
;VERTICALES DE TUBO 5X10X0,18CM;2;und;?55.000,00;?110.000,00;$180,33;;
;SOLDADURA;50;Kg;?6.725,66;?336.283,00;$551,28;;
FIGURAS DE BANO;;24;und; $382,42 ;; $9.178,17 ;;
;SERVICIO SANITARIO;4;und;?447.417,85;?1.789.671,40; $2.933,89 ;;
;LAVAMANOS;4;und;?143.374,40;?573.497,60; $940,16 ;;
;TINA DE BAÑO;1;und;?1.500.000,00;?1.500.000,00; $2.459,02 ;;
;FREGADERO DE TALLER;2;und;?131.921,85;?263.843,70; $432,53 ;;
;FREGADERO DE COCINA;2;und;?208.174,25;?416.348,50; $682,54 ;;
;FREGADERO CUARTO DE PILAS;1;und;?131.921,85;?131.921,85; $216,27 ;;
;PANERAS;4;und;?75.000,00;?300.000,00; $491,80 ;;
;TRITURADOR DE BASURA;2;und;?181.700,00;?363.400,00; $595,74 ;;
;PAPELERAS;4;und;?65.000,00;?260.000,00; $426,23 ;;
ESCALERAS SEGUN DETALLES DE ESTRUCTURAL;;1;gl;?1.715.160,00;; $7.228,13 ;;
;W 8X21 EN 12M;2;un;?550.000,00;?1.100.000,00; $1.803,28 ;;
;TUBO 10X20X0,24 (EN 6M);2;un;?103.000,00;?206.000,00; $337,70 ;;
;ANGULAR 5X5X0,32 EN 6M;9;un;?18.000,00;?162.000,00; $265,57 ;2,38MM;
;MADERA DE TECA PARA ESCALONES;20;un;?80.000,00;?1.600.000,00; $2.622,95 ;;
;MADERA DE TECA PARA DESCANSO;1;un;?587.160,00;?587.160,00; $962,56 ;;
;PLACA METALICA DE 3/8;2;un;?377.000,00;?754.000,00; $1.236,07 ;;
MATERIAL ELÉCTRICO;;1;un;;;;;
;TOTAL MATERIAL ELÉCTRICO;1;GLOBAL;?0,00;?22.819.161,38; $37.408,46 ;;
PUERTA DE GARAGE;;;;;?4.095.000,00; $6.500,00 ;;
;ACCESOS AUTOMÁTICOS;1;und;?4.095.000,00;?4.095.000,00; $6.500,00 ;;
GATE;;1;gl;;?4.497.250,00; $7.139,00 ;;
;MATERIAL;1;und;?3.197.250,00;?3.197.250,00; $5.075,00 ;;
;GATE PISTONS, LIGHT, SENSORS;1;und;?1.300.000,00;?1.300.000,00; $2.064,00 ;;
;;;;;;;;
;;;;;;;;
;;;;;;;;
;;;;;;;;
;;;;;;;;
;;;;;;;;
;;;;;;;;
;;;;;;;;
;;;;;;;;
;;;;;;;;
;;;;;;;;
;;;;;;;;
;;;;;;;;
;1;;;;;;;
